nama_kolom;deskripsi;tipe_data;skala_pengukuran;satuan;contoh_nilai;nilai_kosong;sumber;kategori_data_pribadi;tindakan_penanganan;catatan
user_id;Kode pengenal unik/pseudonim untuk setiap individu responden dalam survei.;string;Nominal;—;USR-00001;Tidak ada (0%);bedtime_screentime_sleep_debt.csv;Quasi-identifier;Pertahankan / Hash;Primary key (8.500 entri unik).
age;Usia responden dalam satuan tahun saat survei dilaksanakan.;int;Rasio;Tahun;29;Tidak ada (0%);bedtime_screentime_sleep_debt.csv;Quasi-identifier;Generalisasi;Disarankan dikelompokkan ke dalam rentang umur.
gender;Identitas jenis kelamin yang dilaporkan secara mandiri oleh responden.;string;Nominal;—;Female;Tidak ada (0%);bedtime_screentime_sleep_debt.csv;Quasi-identifier;Pertahankan;Terdiri dari 3 kategori: Female, Male, Non-Binary.
occupation_type;Kategori bidang pekerjaan atau status profesi utama responden.;string;Nominal;—;Healthcare / Shift Worker;Tidak ada (0%);bedtime_screentime_sleep_debt.csv;Quasi-identifier;Pertahankan;5 kategori profesi utama.
chronotype;Karakteristik pola biologis ritme sirkadian/tidur alami responden.;string;Nominal;—;Intermediate;Tidak ada (0%);bedtime_screentime_sleep_debt.csv;Data spesifik;Pertahankan;Data fisiologis (Morning Lark, Intermediate, Night Owl).
bedtime_phone_minutes;Durasi penggunaan ponsel sebelum tidur dalam satuan menit.;int;Rasio;Menit;179;Tidak ada (0%);bedtime_screentime_sleep_debt.csv;Bukan data pribadi;Pertahankan;Nilai berkisar 1–180 menit.
primary_bedtime_app;Aplikasi ponsel utama yang paling sering dibuka responden sebelum tidur.;string;Nominal;—;Instagram / Reddit;Tidak ada (0%);bedtime_screentime_sleep_debt.csv;Bukan data pribadi;Pertahankan;6 opsi kategori aplikasi.
screen_brightness_pct;Tingkat kecerahan layar ponsel yang digunakan sebelum tidur dalam persentase.;int;Rasio;%;54;Tidak ada (0%);bedtime_screentime_sleep_debt.csv;Bukan data pribadi;Pertahankan;Nilai berkisar 10%–100%.
blue_light_filter_active;Indikator aktif atau tidaknya fitur filter sinar biru pada perangkat.;bool;Nominal;—;1;Tidak ada (0%);bedtime_screentime_sleep_debt.csv;Bukan data pribadi;Pertahankan;Variabel biner (0 = Tidak Aktif, 1 = Aktif).
caffeine_post_5pm_mg;Jumlah konsumsi kafein oleh responden setelah pukul 17:00 dalam miligram.;int;Rasio;mg;92;Tidak ada (0%);bedtime_screentime_sleep_debt.csv;Data spesifik;Pertahankan;Nilai berkisar 0–250 mg.
physical_activity_min;Durasi aktivitas fisik atau olahraga harian responden dalam satuan menit.;int;Rasio;Menit;21;Tidak ada (0%);bedtime_screentime_sleep_debt.csv;Data spesifik;Pertahankan;Nilai berkisar 0–112 menit.
sleep_latency_min;Durasi waktu yang dibutuhkan responden untuk mulai tertidur dalam menit.;float;Rasio;Menit;84.4;Tidak ada (0%);bedtime_screentime_sleep_debt.csv;Data spesifik;Pertahankan;Sleep onset latency (6.0–123.3 menit).
total_sleep_hours;Total durasi tidur efektif responden per malam dalam satuan jam.;float;Rasio;Jam;3.2;Tidak ada (0%);bedtime_screentime_sleep_debt.csv;Data spesifik;Pertahankan;Total durasi tidur (3.2–9.8 jam).
deep_sleep_pct;Proporsi tahap tidur nyenyak (deep sleep) dari total durasi tidur dalam persentase.;float;Rasio;%;23.5;Tidak ada (0%);bedtime_screentime_sleep_debt.csv;Data spesifik;Pertahankan;Fase tidur N3 (8.1%–28.0%).
rem_sleep_pct;Proporsi tahap tidur bermimpi (REM sleep) dari total durasi tidur dalam persentase.;float;Rasio;%;22.2;Tidak ada (0%);bedtime_screentime_sleep_debt.csv;Data spesifik;Pertahankan;Fase tidur REM (9.6%–27.0%).
morning_alarm_snoozes;Frekuensi responden menekan tombol tunda (snooze) alaram pagi.;int;Rasio;Kali;7;Tidak ada (0%);bedtime_screentime_sleep_debt.csv;Bukan data pribadi;Pertahankan;Jumlah tunda alaram (0–7 kali).
next_day_fatigue_score;Skor tingkat kelelahan yang dirasakan responden pada keesokan harinya.;float;Ordinal;Skor (1–10);10.0;Tidak ada (0%);bedtime_screentime_sleep_debt.csv;Data spesifik;Pertahankan;Skor persepsi kelelahan (1.0–10.0).
sleep_debt_category;Klasifikasi tingkat keparahan akumulasi utang tidur (sleep debt).;string;Ordinal;—;Severe Sleep Debt;Tidak ada (0%);bedtime_screentime_sleep_debt.csv;Data spesifik;Pertahankan;4 kategori tingkat keparahan utang tidur.
